age,Sr87_86Sr,CI_plus,CI_minus
0.00,0.709175,0.709176,0.709174
0.05,0.709174,0.709176,0.709173
0.10,0.709174,0.709175,0.709172
0.15,0.709172,0.709174,0.709170
0.20,0.709170,0.709171,0.709168
0.25,0.709167,0.709169,0.709166
0.30,0.709165,0.709167,0.709164
0.35,0.709164,0.709165,0.709162
0.40,0.709162,0.709164,0.709161
0.45,0.709161,0.709162,0.709159
0.50,0.709159,0.709160,0.709158
0.55,0.709157,0.709159,0.709156
0.60,0.709155,0.709157,0.709154
0.65,0.709153,0.709155,0.709152
0.70,0.709151,0.709153,0.709150
0.75,0.709149,0.709151,0.709148
0.80,0.709147,0.709149,0.709146
0.85,0.709145,0.709146,0.709144
0.90,0.709143,0.709144,0.709141
0.95,0.709140,0.709141,0.709139
1.00,0.709137,0.709139,0.709136
1.05,0.709135,0.709136,0.709133
1.10,0.709132,0.709133,0.709130
1.15,0.709128,0.709130,0.709127
1.20,0.709125,0.709127,0.709124
1.25,0.709122,0.709124,0.709121
1.30,0.709119,0.709121,0.709118
1.35,0.709116,0.709118,0.709115
1.40,0.709114,0.709115,0.709112
1.45,0.709111,0.709113,0.709109
1.50,0.709108,0.709110,0.709107
1.55,0.709106,0.709107,0.709104
1.60,0.709103,0.709104,0.709102
1.65,0.709100,0.709102,0.709099
1.70,0.709098,0.709099,0.709096
1.75,0.709095,0.709097,0.709094
1.80,0.709093,0.709095,0.709092
1.85,0.709091,0.709092,0.709089
1.90,0.709089,0.709090,0.709087
1.95,0.709086,0.709088,0.709085
2.00,0.709084,0.709086,0.709083
2.05,0.709083,0.709084,0.709081
2.10,0.709081,0.709082,0.709079
2.15,0.709079,0.709081,0.709077
2.20,0.709078,0.709079,0.709076
2.25,0.709076,0.709078,0.709074
2.30,0.709075,0.709077,0.709073
2.35,0.709074,0.709075,0.709072
2.40,0.709072,0.709074,0.709071
2.45,0.709071,0.709073,0.709069
2.50,0.709070,0.709072,0.709068
2.55,0.709069,0.709071,0.709067
2.60,0.709068,0.709070,0.709066
2.65,0.709067,0.709069,0.709065
2.70,0.709066,0.709069,0.709064
2.75,0.709066,0.709068,0.709063
2.80,0.709065,0.709067,0.709063
2.85,0.709064,0.709067,0.709062
2.90,0.709064,0.709066,0.709061
2.95,0.709063,0.709065,0.709060
3.00,0.709062,0.709065,0.709060
3.05,0.709062,0.709065,0.709059
3.10,0.709061,0.709064,0.709058
3.15,0.709061,0.709064,0.709058
3.20,0.709060,0.709063,0.709057
3.25,0.709060,0.709063,0.709057
3.30,0.709059,0.709063,0.709056
3.35,0.709059,0.709062,0.709055
3.40,0.709058,0.709062,0.709055
3.45,0.709058,0.709062,0.709055
3.50,0.709058,0.709061,0.709054
3.55,0.709057,0.709061,0.709054
3.60,0.709057,0.709060,0.709053
3.65,0.709056,0.709060,0.709052
3.70,0.709056,0.709060,0.709052
3.75,0.709055,0.709059,0.709051
3.80,0.709055,0.709059,0.709051
3.85,0.709054,0.709058,0.709050
3.90,0.709054,0.709058,0.709050
3.95,0.709053,0.709058,0.709049
4.00,0.709053,0.709057,0.709049
4.05,0.709053,0.709057,0.709048
4.10,0.709052,0.709057,0.709048
4.15,0.709052,0.709056,0.709048
4.20,0.709052,0.709056,0.709047
4.25,0.709051,0.709056,0.709047
4.30,0.709051,0.709055,0.709046
4.35,0.709050,0.709055,0.709046
4.40,0.709049,0.709054,0.709045
4.45,0.709049,0.709053,0.709044
4.50,0.709048,0.709052,0.709043
4.55,0.709047,0.709051,0.709043
4.60,0.709046,0.709050,0.709042
4.65,0.709045,0.709049,0.709041
4.70,0.709044,0.709048,0.709040
4.75,0.709043,0.709047,0.709039
4.80,0.709042,0.709046,0.709037
4.85,0.709040,0.709044,0.709036
4.90,0.709039,0.709043,0.709035
4.95,0.709038,0.709042,0.709034
5.00,0.709036,0.709040,0.709032
5.05,0.709035,0.709039,0.709031
5.10,0.709033,0.709037,0.709029
5.15,0.709032,0.709036,0.709027
5.20,0.709030,0.709034,0.709026
5.25,0.709028,0.709033,0.709024
5.30,0.709027,0.709031,0.709023
5.35,0.709025,0.709029,0.709021
5.40,0.709023,0.709027,0.709019
5.45,0.709021,0.709025,0.709017
5.50,0.709019,0.709023,0.709014
5.55,0.709017,0.709021,0.709012
5.60,0.709014,0.709018,0.709010
5.65,0.709011,0.709016,0.709007
5.70,0.709009,0.709013,0.709005
5.75,0.709006,0.709010,0.709002
5.80,0.709003,0.709007,0.708999
5.85,0.709000,0.709005,0.708996
5.90,0.708998,0.709002,0.708993
5.95,0.708995,0.709000,0.708991
6.00,0.708992,0.708997,0.708988
6.05,0.708989,0.708994,0.708985
6.10,0.708986,0.708991,0.708982
6.15,0.708984,0.708988,0.708979
6.20,0.708981,0.708985,0.708977
6.25,0.708978,0.708982,0.708974
6.30,0.708976,0.708980,0.708972
6.35,0.708974,0.708978,0.708970
6.40,0.708972,0.708975,0.708968
6.45,0.708970,0.708973,0.708966
6.50,0.708968,0.708971,0.708964
6.55,0.708966,0.708969,0.708962
6.60,0.708964,0.708968,0.708960
6.65,0.708962,0.708966,0.708958
6.70,0.708960,0.708964,0.708956
6.75,0.708959,0.708962,0.708955
6.80,0.708957,0.708961,0.708953
6.85,0.708955,0.708959,0.708952
6.90,0.708954,0.708958,0.708950
6.95,0.708952,0.708956,0.708948
7.00,0.708951,0.708955,0.708947
7.05,0.708950,0.708953,0.708946
7.10,0.708948,0.708952,0.708944
7.15,0.708947,0.708951,0.708943
7.20,0.708946,0.708950,0.708942
7.25,0.708945,0.708949,0.708940
7.30,0.708943,0.708948,0.708939
7.35,0.708942,0.708947,0.708938
7.40,0.708941,0.708945,0.708937
7.45,0.708940,0.708944,0.708936
7.50,0.708939,0.708943,0.708935
7.55,0.708938,0.708943,0.708934
7.60,0.708937,0.708942,0.708933
7.65,0.708937,0.708941,0.708932
7.70,0.708936,0.708940,0.708931
7.75,0.708935,0.708939,0.708931
7.80,0.708934,0.708939,0.708930
7.85,0.708934,0.708938,0.708929
7.90,0.708933,0.708938,0.708929
7.95,0.708932,0.708937,0.708928
8.00,0.708932,0.708936,0.708927
8.05,0.708931,0.708936,0.708926
8.10,0.708930,0.708935,0.708925
8.15,0.708929,0.708934,0.708924
8.20,0.708928,0.708933,0.708924
8.25,0.708927,0.708932,0.708923
8.30,0.708926,0.708931,0.708922
8.35,0.708926,0.708930,0.708921
8.40,0.708925,0.708929,0.708920
8.45,0.708924,0.708928,0.708919
8.50,0.708923,0.708927,0.708919
8.55,0.708922,0.708927,0.708918
8.60,0.708921,0.708926,0.708917
8.65,0.708920,0.708925,0.708916
8.70,0.708920,0.708924,0.708915
8.75,0.708919,0.708923,0.708914
8.80,0.708918,0.708922,0.708913
8.85,0.708917,0.708921,0.708912
8.90,0.708916,0.708921,0.708911
8.95,0.708915,0.708920,0.708910
9.00,0.708914,0.708919,0.708909
9.05,0.708913,0.708917,0.708908
9.10,0.708911,0.708916,0.708907
9.15,0.708910,0.708915,0.708905
9.20,0.708909,0.708914,0.708904
9.25,0.708908,0.708912,0.708903
9.30,0.708906,0.708911,0.708902
9.35,0.708905,0.708909,0.708900
9.40,0.708903,0.708908,0.708899
9.45,0.708902,0.708906,0.708897
9.50,0.708900,0.708905,0.708896
9.55,0.708899,0.708903,0.708894
9.60,0.708897,0.708901,0.708893
9.65,0.708896,0.708900,0.708891
9.70,0.708894,0.708898,0.708890
9.75,0.708892,0.708897,0.708888
9.80,0.708891,0.708895,0.708887
9.85,0.708889,0.708894,0.708885
9.90,0.708888,0.708892,0.708883
9.95,0.708886,0.708890,0.708882
10.00,0.708885,0.708889,0.708880
10.05,0.708883,0.708887,0.708879
10.10,0.708882,0.708886,0.708877
10.15,0.708880,0.708885,0.708876
10.20,0.708879,0.708883,0.708874
10.25,0.708877,0.708882,0.708873
10.30,0.708876,0.708880,0.708871
10.35,0.708875,0.708879,0.708870
10.40,0.708873,0.708878,0.708869
10.45,0.708872,0.708876,0.708868
10.50,0.708871,0.708875,0.708866
10.55,0.708869,0.708874,0.708865
10.60,0.708868,0.708872,0.708864
10.65,0.708867,0.708871,0.708862
10.70,0.708865,0.708870,0.708861
10.75,0.708864,0.708868,0.708860
10.80,0.708863,0.708867,0.708859
10.85,0.708862,0.708866,0.708857
10.90,0.708860,0.708865,0.708856
10.95,0.708859,0.708863,0.708855
11.00,0.708858,0.708862,0.708854
11.05,0.708857,0.708861,0.708852
11.10,0.708855,0.708860,0.708851
11.15,0.708854,0.708859,0.708850
11.20,0.708853,0.708857,0.708849
11.25,0.708852,0.708856,0.708848
11.30,0.708851,0.708855,0.708847
11.35,0.708850,0.708854,0.708846
11.40,0.708849,0.708853,0.708845
11.45,0.708848,0.708852,0.708844
11.50,0.708847,0.708851,0.708842
11.55,0.708846,0.708850,0.708841
11.60,0.708844,0.708849,0.708840
11.65,0.708843,0.708848,0.708839
11.70,0.708842,0.708847,0.708838
11.75,0.708841,0.708846,0.708837
11.80,0.708840,0.708845,0.708836
11.85,0.708839,0.708844,0.708835
11.90,0.708839,0.708843,0.708834
11.95,0.708838,0.708842,0.708833
12.00,0.708837,0.708841,0.708832
12.05,0.708836,0.708840,0.708832
12.10,0.708835,0.708839,0.708831
12.15,0.708834,0.708838,0.708830
12.20,0.708834,0.708838,0.708829
12.25,0.708833,0.708837,0.708829
12.30,0.708832,0.708836,0.708828
12.35,0.708831,0.708835,0.708827
12.40,0.708830,0.708835,0.708826
12.45,0.708829,0.708834,0.708825
12.50,0.708829,0.708833,0.708824
12.55,0.708828,0.708832,0.708824
12.60,0.708827,0.708831,0.708823
12.65,0.708826,0.708830,0.708822
12.70,0.708825,0.708829,0.708821
12.75,0.708824,0.708828,0.708820
12.80,0.708823,0.708827,0.708819
12.85,0.708822,0.708826,0.708818
12.90,0.708821,0.708825,0.708817
12.95,0.708820,0.708824,0.708816
13.00,0.708819,0.708823,0.708815
13.05,0.708818,0.708822,0.708814
13.10,0.708817,0.708821,0.708813
13.15,0.708817,0.708821,0.708812
13.20,0.708816,0.708820,0.708812
13.25,0.708815,0.708819,0.708811
13.30,0.708814,0.708818,0.708810
13.35,0.708813,0.708817,0.708809
13.40,0.708813,0.708817,0.708809
13.45,0.708812,0.708816,0.708808
13.50,0.708811,0.708815,0.708807
13.55,0.708811,0.708815,0.708807
13.60,0.708810,0.708814,0.708806
13.65,0.708810,0.708814,0.708805
13.70,0.708809,0.708813,0.708805
13.75,0.708809,0.708813,0.708805
13.80,0.708809,0.708813,0.708805
13.85,0.708809,0.708813,0.708805
13.90,0.708808,0.708812,0.708804
13.95,0.708808,0.708812,0.708804
14.00,0.708808,0.708812,0.708803
14.05,0.708807,0.708811,0.708803
14.10,0.708806,0.708810,0.708802
14.15,0.708806,0.708810,0.708802
14.20,0.708805,0.708810,0.708801
14.25,0.708805,0.708809,0.708801
14.30,0.708805,0.708809,0.708801
14.35,0.708804,0.708808,0.708800
14.40,0.708804,0.708808,0.708800
14.45,0.708803,0.708807,0.708799
14.50,0.708802,0.708807,0.708798
14.55,0.708801,0.708806,0.708797
14.60,0.708800,0.708804,0.708796
14.65,0.708799,0.708803,0.708794
14.70,0.708797,0.708801,0.708793
14.75,0.708795,0.708800,0.708791
14.80,0.708794,0.708798,0.708790
14.85,0.708792,0.708796,0.708788
14.90,0.708790,0.708794,0.708786
14.95,0.708788,0.708792,0.708784
15.00,0.708786,0.708790,0.708782
15.05,0.708784,0.708788,0.708780
15.10,0.708782,0.708786,0.708778
15.15,0.708779,0.708784,0.708775
15.20,0.708777,0.708781,0.708773
15.25,0.708774,0.708778,0.708770
15.30,0.708771,0.708775,0.708767
15.35,0.708768,0.708772,0.708764
15.40,0.708765,0.708769,0.708761
15.45,0.708762,0.708765,0.708758
15.50,0.708758,0.708762,0.708754
15.55,0.708755,0.708759,0.708751
15.60,0.708751,0.708755,0.708747
15.65,0.708748,0.708752,0.708744
15.70,0.708745,0.708749,0.708741
15.75,0.708741,0.708745,0.708737
15.80,0.708738,0.708742,0.708734
15.85,0.708735,0.708739,0.708731
15.90,0.708731,0.708735,0.708727
15.95,0.708728,0.708732,0.708724
16.00,0.708724,0.708728,0.708720
16.05,0.708720,0.708725,0.708716
16.10,0.708717,0.708721,0.708713
16.15,0.708713,0.708717,0.708709
16.20,0.708710,0.708714,0.708705
16.25,0.708706,0.708711,0.708702
16.30,0.708703,0.708707,0.708698
16.35,0.708699,0.708704,0.708695
16.40,0.708696,0.708700,0.708692
16.45,0.708692,0.708697,0.708688
16.50,0.708689,0.708693,0.708685
16.55,0.708685,0.708690,0.708681
16.60,0.708682,0.708686,0.708678
16.65,0.708678,0.708682,0.708674
16.70,0.708675,0.708679,0.708670
16.75,0.708671,0.708675,0.708667
16.80,0.708667,0.708671,0.708663
16.85,0.708664,0.708668,0.708660
16.90,0.708660,0.708664,0.708656
16.95,0.708656,0.708660,0.708652
17.00,0.708652,0.708657,0.708648
17.05,0.708649,0.708653,0.708645
17.10,0.708645,0.708649,0.708641
17.15,0.708641,0.708646,0.708637
17.20,0.708637,0.708642,0.708633
17.25,0.708634,0.708638,0.708629
17.30,0.708630,0.708634,0.708625
17.35,0.708626,0.708631,0.708621
17.40,0.708622,0.708627,0.708618
17.45,0.708618,0.708623,0.708614
17.50,0.708614,0.708619,0.708610
17.55,0.708611,0.708615,0.708606
17.60,0.708607,0.708611,0.708602
17.65,0.708603,0.708608,0.708598
17.70,0.708599,0.708604,0.708594
17.75,0.708595,0.708600,0.708590
17.80,0.708591,0.708596,0.708586
17.85,0.708587,0.708592,0.708581
17.90,0.708583,0.708589,0.708577
17.95,0.708579,0.708585,0.708573
18.00,0.708575,0.708581,0.708569
18.05,0.708570,0.708577,0.708564
18.10,0.708566,0.708572,0.708559
18.15,0.708561,0.708568,0.708555
18.20,0.708557,0.708564,0.708550
18.25,0.708552,0.708559,0.708545
18.30,0.708548,0.708555,0.708541
18.35,0.708543,0.708551,0.708536
18.40,0.708539,0.708546,0.708532
18.45,0.708535,0.708542,0.708527
18.50,0.708530,0.708538,0.708523
18.55,0.708526,0.708533,0.708519
18.60,0.708522,0.708529,0.708514
18.65,0.708517,0.708525,0.708510
18.70,0.708513,0.708521,0.708506
18.75,0.708509,0.708517,0.708502
18.80,0.708505,0.708512,0.708497
18.85,0.708501,0.708508,0.708493
18.90,0.708497,0.708505,0.708489
18.95,0.708493,0.708501,0.708485
19.00,0.708489,0.708497,0.708481
19.05,0.708485,0.708493,0.708477
19.10,0.708481,0.708489,0.708473
19.15,0.708477,0.708485,0.708469
19.20,0.708473,0.708481,0.708465
19.25,0.708469,0.708477,0.708461
19.30,0.708465,0.708473,0.708457
19.35,0.708461,0.708470,0.708453
19.40,0.708458,0.708466,0.708449
19.45,0.708454,0.708463,0.708446
19.50,0.708451,0.708460,0.708443
19.55,0.708448,0.708456,0.708439
19.60,0.708445,0.708453,0.708436
19.65,0.708442,0.708450,0.708433
19.70,0.708439,0.708447,0.708430
19.75,0.708436,0.708444,0.708427
19.80,0.708433,0.708441,0.708425
19.85,0.708430,0.708438,0.708422
19.90,0.708427,0.708436,0.708419
19.95,0.708424,0.708433,0.708416
20.00,0.708422,0.708431,0.708413
20.05,0.708419,0.708428,0.708410
20.10,0.708416,0.708426,0.708407
20.15,0.708413,0.708423,0.708404
20.20,0.708411,0.708420,0.708401
20.25,0.708408,0.708418,0.708398
20.30,0.708405,0.708415,0.708395
20.35,0.708402,0.708412,0.708392
20.40,0.708400,0.708410,0.708390
20.45,0.708397,0.708407,0.708387
20.50,0.708394,0.708404,0.708385
20.55,0.708392,0.708401,0.708382
20.60,0.708389,0.708398,0.708380
20.65,0.708387,0.708396,0.708378
20.70,0.708384,0.708393,0.708375
20.75,0.708382,0.708390,0.708373
20.80,0.708379,0.708388,0.708371
20.85,0.708377,0.708385,0.708368
20.90,0.708374,0.708383,0.708366
20.95,0.708372,0.708380,0.708363
21.00,0.708369,0.708378,0.708361
21.05,0.708366,0.708375,0.708358
21.10,0.708364,0.708372,0.708355
21.15,0.708361,0.708370,0.708352
21.20,0.708358,0.708367,0.708350
21.25,0.708355,0.708364,0.708347
21.30,0.708352,0.708361,0.708344
21.35,0.708349,0.708358,0.708341
21.40,0.708346,0.708354,0.708338
21.45,0.708343,0.708351,0.708335
21.50,0.708340,0.708348,0.708332
21.55,0.708337,0.708345,0.708329
21.60,0.708334,0.708342,0.708326
21.65,0.708331,0.708338,0.708323
21.70,0.708327,0.708335,0.708320
21.75,0.708324,0.708332,0.708317
21.80,0.708321,0.708329,0.708314
21.85,0.708319,0.708327,0.708311
21.90,0.708316,0.708324,0.708308
21.95,0.708313,0.708321,0.708305
22.00,0.708310,0.708318,0.708302
22.05,0.708307,0.708315,0.708299
22.10,0.708304,0.708312,0.708297
22.15,0.708301,0.708309,0.708294
22.20,0.708298,0.708306,0.708291
22.25,0.708296,0.708303,0.708288
22.30,0.708293,0.708300,0.708285
22.35,0.708290,0.708298,0.708282
22.40,0.708287,0.708295,0.708279
22.45,0.708284,0.708292,0.708277
22.50,0.708282,0.708290,0.708274
22.55,0.708279,0.708287,0.708271
22.60,0.708276,0.708284,0.708268
22.65,0.708274,0.708282,0.708266
22.70,0.708271,0.708279,0.708263
22.75,0.708269,0.708277,0.708261
22.80,0.708266,0.708274,0.708258
22.85,0.708264,0.708272,0.708256
22.90,0.708262,0.708269,0.708254
22.95,0.708259,0.708267,0.708252
23.00,0.708257,0.708265,0.708249
23.05,0.708255,0.708262,0.708247
23.10,0.708252,0.708260,0.708245
23.15,0.708250,0.708258,0.708242
23.20,0.708247,0.708255,0.708240
23.25,0.708245,0.708253,0.708237
23.30,0.708242,0.708250,0.708234
23.35,0.708240,0.708248,0.708232
23.40,0.708237,0.708245,0.708229
23.45,0.708234,0.708242,0.708226
23.50,0.708232,0.708239,0.708224
23.55,0.708229,0.708237,0.708221
23.60,0.708226,0.708234,0.708218
23.65,0.708224,0.708231,0.708216
23.70,0.708221,0.708229,0.708213
23.75,0.708218,0.708226,0.708210
23.80,0.708216,0.708224,0.708208
23.85,0.708213,0.708221,0.708205
23.90,0.708210,0.708218,0.708202
23.95,0.708207,0.708216,0.708199
24.00,0.708205,0.708213,0.708197
24.05,0.708202,0.708210,0.708194
24.10,0.708199,0.708207,0.708191
24.15,0.708196,0.708204,0.708188
24.20,0.708193,0.708201,0.708185
24.25,0.708190,0.708198,0.708182
24.30,0.708187,0.708195,0.708179
24.35,0.708184,0.708192,0.708176
24.40,0.708181,0.708189,0.708173
24.45,0.708178,0.708186,0.708170
24.50,0.708175,0.708183,0.708167
24.55,0.708172,0.708180,0.708164
24.60,0.708169,0.708177,0.708161
24.65,0.708166,0.708175,0.708158
24.70,0.708163,0.708172,0.708155
24.75,0.708161,0.708169,0.708152
24.80,0.708158,0.708167,0.708149
24.85,0.708155,0.708164,0.708146
24.90,0.708152,0.708162,0.708143
24.95,0.708150,0.708159,0.708141
25.00,0.708147,0.708157,0.708138
25.05,0.708145,0.708154,0.708136
25.10,0.708143,0.708152,0.708134
25.15,0.708141,0.708150,0.708131
25.20,0.708139,0.708148,0.708129
25.25,0.708136,0.708146,0.708127
25.30,0.708134,0.708143,0.708125
25.35,0.708132,0.708141,0.708124
25.40,0.708131,0.708139,0.708122
25.45,0.708129,0.708137,0.708120
25.50,0.708127,0.708135,0.708118
25.55,0.708125,0.708133,0.708116
25.60,0.708123,0.708131,0.708115
25.65,0.708121,0.708130,0.708113
25.70,0.708119,0.708128,0.708111
25.75,0.708118,0.708126,0.708109
25.80,0.708116,0.708124,0.708107
25.85,0.708114,0.708123,0.708106
25.90,0.708112,0.708121,0.708104
25.95,0.708111,0.708119,0.708102
26.00,0.708109,0.708117,0.708100
26.05,0.708107,0.708116,0.708098
26.10,0.708105,0.708114,0.708097
26.15,0.708103,0.708112,0.708095
26.20,0.708101,0.708110,0.708093
26.25,0.708100,0.708108,0.708091
26.30,0.708098,0.708106,0.708089
26.35,0.708096,0.708105,0.708088
26.40,0.708094,0.708103,0.708086
26.45,0.708093,0.708101,0.708084
26.50,0.708091,0.708099,0.708083
26.55,0.708089,0.708097,0.708081
26.60,0.708088,0.708096,0.708080
26.65,0.708086,0.708094,0.708078
26.70,0.708084,0.708092,0.708077
26.75,0.708083,0.708091,0.708075
26.80,0.708081,0.708089,0.708074
26.85,0.708080,0.708087,0.708072
26.90,0.708078,0.708086,0.708070
26.95,0.708077,0.708084,0.708069
27.00,0.708075,0.708083,0.708067
27.05,0.708073,0.708081,0.708066
27.10,0.708072,0.708080,0.708064
27.15,0.708070,0.708078,0.708062
27.20,0.708069,0.708076,0.708061
27.25,0.708067,0.708075,0.708059
27.30,0.708065,0.708073,0.708057
27.35,0.708063,0.708071,0.708055
27.40,0.708062,0.708069,0.708054
27.45,0.708060,0.708068,0.708052
27.50,0.708058,0.708066,0.708050
27.55,0.708056,0.708064,0.708048
27.60,0.708054,0.708062,0.708047
27.65,0.708052,0.708060,0.708045
27.70,0.708051,0.708058,0.708043
27.75,0.708049,0.708056,0.708041
27.80,0.708047,0.708055,0.708039
27.85,0.708045,0.708053,0.708037
27.90,0.708043,0.708051,0.708035
27.95,0.708041,0.708049,0.708034
28.00,0.708040,0.708048,0.708032
28.05,0.708038,0.708046,0.708030
28.10,0.708036,0.708044,0.708028
28.15,0.708034,0.708042,0.708026
28.20,0.708033,0.708041,0.708025
28.25,0.708031,0.708039,0.708023
28.30,0.708029,0.708037,0.708021
28.35,0.708028,0.708035,0.708020
28.40,0.708026,0.708034,0.708018
28.45,0.708024,0.708032,0.708016
28.50,0.708022,0.708030,0.708014
28.55,0.708021,0.708028,0.708013
28.60,0.708019,0.708027,0.708011
28.65,0.708017,0.708025,0.708009
28.70,0.708015,0.708023,0.708008
28.75,0.708014,0.708022,0.708006
28.80,0.708012,0.708020,0.708004
28.85,0.708010,0.708019,0.708002
28.90,0.708009,0.708017,0.708000
28.95,0.708007,0.708015,0.707999
29.00,0.708005,0.708014,0.707997
29.05,0.708004,0.708012,0.707995
29.10,0.708002,0.708011,0.707993
29.15,0.708000,0.708009,0.707992
29.20,0.707999,0.708008,0.707990
29.25,0.707997,0.708006,0.707988
29.30,0.707996,0.708005,0.707987
29.35,0.707994,0.708003,0.707985
29.40,0.707993,0.708001,0.707984
29.45,0.707991,0.708000,0.707982
29.50,0.707989,0.707998,0.707981
29.55,0.707988,0.707997,0.707979
29.60,0.707986,0.707995,0.707978
29.65,0.707985,0.707994,0.707976
29.70,0.707984,0.707992,0.707975
29.75,0.707982,0.707991,0.707974
29.80,0.707981,0.707989,0.707972
29.85,0.707979,0.707988,0.707971
29.90,0.707978,0.707986,0.707969
29.95,0.707976,0.707985,0.707968
30.00,0.707975,0.707983,0.707967
30.05,0.707973,0.707982,0.707965
30.10,0.707972,0.707980,0.707964
30.15,0.707971,0.707979,0.707962
30.20,0.707969,0.707978,0.707961
30.25,0.707968,0.707976,0.707959
30.30,0.707966,0.707975,0.707958
30.35,0.707965,0.707974,0.707956
30.40,0.707963,0.707972,0.707955
30.45,0.707962,0.707971,0.707953
30.50,0.707960,0.707969,0.707952
30.55,0.707959,0.707968,0.707950
30.60,0.707957,0.707966,0.707949
30.65,0.707956,0.707965,0.707947
30.70,0.707955,0.707963,0.707946
30.75,0.707953,0.707962,0.707945
30.80,0.707952,0.707961,0.707944
30.85,0.707951,0.707959,0.707942
30.90,0.707950,0.707958,0.707941
30.95,0.707948,0.707957,0.707940
31.00,0.707947,0.707955,0.707939
31.05,0.707946,0.707954,0.707938
31.10,0.707945,0.707953,0.707936
31.15,0.707943,0.707951,0.707935
31.20,0.707942,0.707950,0.707934
31.25,0.707941,0.707949,0.707933
31.30,0.707939,0.707948,0.707931
31.35,0.707938,0.707946,0.707930
31.40,0.707937,0.707945,0.707928
31.45,0.707935,0.707944,0.707927
31.50,0.707934,0.707942,0.707925
31.55,0.707932,0.707941,0.707924
31.60,0.707931,0.707939,0.707922
31.65,0.707929,0.707937,0.707921
31.70,0.707927,0.707936,0.707919
31.75,0.707926,0.707934,0.707917
31.80,0.707924,0.707932,0.707916
31.85,0.707922,0.707930,0.707914
31.90,0.707920,0.707929,0.707912
31.95,0.707919,0.707927,0.707910
32.00,0.707917,0.707925,0.707909
32.05,0.707915,0.707923,0.707907
32.10,0.707913,0.707921,0.707905
32.15,0.707911,0.707920,0.707903
32.20,0.707910,0.707918,0.707901
32.25,0.707908,0.707916,0.707899
32.30,0.707906,0.707914,0.707897
32.35,0.707904,0.707912,0.707895
32.40,0.707902,0.707910,0.707893
32.45,0.707900,0.707909,0.707891
32.50,0.707898,0.707907,0.707889
32.55,0.707896,0.707905,0.707887
32.60,0.707894,0.707903,0.707885
32.65,0.707892,0.707901,0.707883
32.70,0.707890,0.707898,0.707881
32.75,0.707887,0.707896,0.707879
32.80,0.707885,0.707893,0.707876
32.85,0.707882,0.707891,0.707874
32.90,0.707880,0.707888,0.707871
32.95,0.707877,0.707885,0.707869
33.00,0.707874,0.707883,0.707866
33.05,0.707872,0.707880,0.707864
33.10,0.707869,0.707877,0.707861
33.15,0.707866,0.707874,0.707858
33.20,0.707863,0.707871,0.707855
33.25,0.707860,0.707868,0.707853
33.30,0.707858,0.707866,0.707850
33.35,0.707855,0.707863,0.707847
33.40,0.707852,0.707860,0.707844
33.45,0.707850,0.707858,0.707841
33.50,0.707847,0.707855,0.707839
33.55,0.707844,0.707852,0.707836
33.60,0.707842,0.707850,0.707834
33.65,0.707839,0.707848,0.707831
33.70,0.707837,0.707845,0.707829
33.75,0.707835,0.707843,0.707826
33.80,0.707832,0.707840,0.707824
33.85,0.707830,0.707838,0.707822
33.90,0.707827,0.707835,0.707819
33.95,0.707825,0.707833,0.707817
34.00,0.707822,0.707830,0.707814
34.05,0.707820,0.707827,0.707812
34.10,0.707817,0.707825,0.707809
34.15,0.707814,0.707822,0.707807
34.20,0.707812,0.707820,0.707804
34.25,0.707809,0.707817,0.707801
34.30,0.707807,0.707814,0.707799
34.35,0.707804,0.707812,0.707796
34.40,0.707802,0.707810,0.707794
34.45,0.707799,0.707807,0.707792
34.50,0.707797,0.707805,0.707789
34.55,0.707795,0.707803,0.707787
34.60,0.707793,0.707801,0.707785
34.65,0.707791,0.707799,0.707783
34.70,0.707789,0.707797,0.707781
34.75,0.707788,0.707796,0.707780
34.80,0.707786,0.707794,0.707779
34.85,0.707785,0.707793,0.707777
34.90,0.707784,0.707792,0.707776
34.95,0.707783,0.707790,0.707775
35.00,0.707782,0.707789,0.707774
35.05,0.707781,0.707788,0.707773
35.10,0.707779,0.707787,0.707772
35.15,0.707778,0.707786,0.707771
35.20,0.707777,0.707785,0.707770
35.25,0.707776,0.707784,0.707768
35.30,0.707775,0.707783,0.707767
35.35,0.707774,0.707782,0.707766
35.40,0.707773,0.707781,0.707765
35.45,0.707772,0.707780,0.707764
35.50,0.707771,0.707779,0.707763
35.55,0.707770,0.707778,0.707762
35.60,0.707769,0.707777,0.707761
35.65,0.707768,0.707776,0.707761
35.70,0.707768,0.707776,0.707760
35.75,0.707767,0.707775,0.707759
35.80,0.707766,0.707774,0.707759
35.85,0.707766,0.707774,0.707758
35.90,0.707765,0.707773,0.707758
35.95,0.707765,0.707773,0.707757
36.00,0.707764,0.707772,0.707756
36.05,0.707764,0.707772,0.707756
36.10,0.707763,0.707771,0.707755
36.15,0.707763,0.707771,0.707755
36.20,0.707762,0.707770,0.707754
36.25,0.707762,0.707770,0.707753
36.30,0.707761,0.707769,0.707753
36.35,0.707760,0.707769,0.707752
36.40,0.707760,0.707768,0.707751
36.45,0.707759,0.707768,0.707751
36.50,0.707758,0.707767,0.707750
36.55,0.707758,0.707766,0.707749
36.60,0.707757,0.707765,0.707749
36.65,0.707756,0.707765,0.707748
36.70,0.707756,0.707764,0.707747
36.75,0.707755,0.707763,0.707747
36.80,0.707754,0.707762,0.707746
36.85,0.707754,0.707762,0.707746
36.90,0.707753,0.707761,0.707745
36.95,0.707752,0.707760,0.707745
37.00,0.707752,0.707760,0.707744
37.05,0.707751,0.707759,0.707743
37.10,0.707751,0.707758,0.707743
37.15,0.707750,0.707758,0.707742
37.20,0.707750,0.707757,0.707742
37.25,0.707749,0.707757,0.707741
37.30,0.707748,0.707756,0.707741
37.35,0.707748,0.707756,0.707740
37.40,0.707747,0.707755,0.707739
37.45,0.707747,0.707755,0.707739
37.50,0.707746,0.707754,0.707738
37.55,0.707746,0.707754,0.707738
37.60,0.707745,0.707753,0.707737
37.65,0.707744,0.707752,0.707736
37.70,0.707744,0.707752,0.707736
37.75,0.707743,0.707751,0.707735
37.80,0.707743,0.707751,0.707735
37.85,0.707742,0.707750,0.707734
37.90,0.707742,0.707750,0.707734
37.95,0.707741,0.707749,0.707733
38.00,0.707740,0.707748,0.707732
38.05,0.707740,0.707748,0.707732
38.10,0.707739,0.707747,0.707731
38.15,0.707739,0.707747,0.707731
38.20,0.707738,0.707746,0.707730
38.25,0.707737,0.707746,0.707729
38.30,0.707737,0.707745,0.707729
38.35,0.707736,0.707745,0.707728
38.40,0.707736,0.707744,0.707728
38.45,0.707735,0.707744,0.707727
38.50,0.707735,0.707743,0.707727
38.55,0.707734,0.707743,0.707726
38.60,0.707734,0.707742,0.707726
38.65,0.707734,0.707742,0.707725
38.70,0.707733,0.707742,0.707725
38.75,0.707733,0.707741,0.707724
38.80,0.707732,0.707741,0.707724
38.85,0.707732,0.707740,0.707724
38.90,0.707732,0.707740,0.707723
38.95,0.707731,0.707740,0.707723
39.00,0.707731,0.707739,0.707723
39.05,0.707731,0.707739,0.707722
39.10,0.707730,0.707739,0.707722
39.15,0.707730,0.707738,0.707722
39.20,0.707730,0.707738,0.707721
39.25,0.707730,0.707738,0.707721
39.30,0.707729,0.707738,0.707721
39.35,0.707729,0.707737,0.707721
39.40,0.707729,0.707737,0.707720
39.45,0.707729,0.707737,0.707720
39.50,0.707728,0.707737,0.707720
39.55,0.707728,0.707737,0.707720
39.60,0.707728,0.707736,0.707720
39.65,0.707728,0.707736,0.707719
39.70,0.707728,0.707736,0.707719
39.75,0.707728,0.707736,0.707719
39.80,0.707727,0.707736,0.707719
39.85,0.707727,0.707736,0.707719
39.90,0.707727,0.707736,0.707719
39.95,0.707727,0.707736,0.707719
40.00,0.707727,0.707736,0.707719
40.05,0.707727,0.707736,0.707719
40.10,0.707727,0.707736,0.707719
40.15,0.707727,0.707736,0.707719
40.20,0.707727,0.707736,0.707719
40.25,0.707727,0.707736,0.707719
40.30,0.707727,0.707736,0.707719
40.35,0.707727,0.707736,0.707719
40.40,0.707727,0.707736,0.707719
40.45,0.707728,0.707736,0.707719
40.50,0.707728,0.707736,0.707719
40.55,0.707728,0.707737,0.707719
40.60,0.707728,0.707737,0.707719
40.65,0.707728,0.707737,0.707719
40.70,0.707728,0.707737,0.707719
40.75,0.707728,0.707737,0.707720
40.80,0.707729,0.707738,0.707720
40.85,0.707729,0.707738,0.707720
40.90,0.707729,0.707738,0.707720
40.95,0.707729,0.707738,0.707720
41.00,0.707730,0.707739,0.707720
41.05,0.707730,0.707739,0.707721
41.10,0.707730,0.707739,0.707721
41.15,0.707730,0.707740,0.707721
41.20,0.707731,0.707740,0.707721
41.25,0.707731,0.707740,0.707722
41.30,0.707731,0.707741,0.707722
41.35,0.707732,0.707742,0.707722
41.40,0.707733,0.707742,0.707723
41.45,0.707733,0.707743,0.707723
41.50,0.707734,0.707744,0.707724
41.55,0.707735,0.707744,0.707725
41.60,0.707735,0.707745,0.707725
41.65,0.707736,0.707746,0.707726
41.70,0.707737,0.707747,0.707727
41.75,0.707738,0.707748,0.707728
41.80,0.707739,0.707749,0.707729
41.85,0.707740,0.707750,0.707730
41.90,0.707741,0.707751,0.707731
41.95,0.707742,0.707752,0.707732
42.00,0.707743,0.707753,0.707733
42.05,0.707744,0.707754,0.707734
42.10,0.707745,0.707755,0.707735
42.15,0.707746,0.707756,0.707735
42.20,0.707746,0.707757,0.707736
42.25,0.707747,0.707757,0.707737
42.30,0.707748,0.707758,0.707738
42.35,0.707749,0.707759,0.707740
42.40,0.707750,0.707760,0.707741
42.45,0.707751,0.707761,0.707742
42.50,0.707753,0.707762,0.707743
42.55,0.707754,0.707763,0.707745
42.60,0.707755,0.707764,0.707746
42.65,0.707756,0.707765,0.707747
42.70,0.707757,0.707766,0.707749
42.75,0.707759,0.707767,0.707750
42.80,0.707760,0.707768,0.707751
42.85,0.707761,0.707769,0.707752
42.90,0.707762,0.707770,0.707753
42.95,0.707762,0.707771,0.707754
43.00,0.707763,0.707772,0.707755
43.05,0.707764,0.707772,0.707756
43.10,0.707765,0.707773,0.707757
43.15,0.707766,0.707774,0.707758
43.20,0.707767,0.707775,0.707759
43.25,0.707768,0.707776,0.707759
43.30,0.707768,0.707777,0.707760
43.35,0.707769,0.707777,0.707761
43.40,0.707770,0.707778,0.707762
43.45,0.707771,0.707779,0.707762
43.50,0.707771,0.707779,0.707763
43.55,0.707772,0.707780,0.707764
43.60,0.707772,0.707780,0.707764
43.65,0.707773,0.707781,0.707765
43.70,0.707773,0.707781,0.707765
43.75,0.707774,0.707782,0.707766
43.80,0.707774,0.707782,0.707767
43.85,0.707775,0.707783,0.707767
43.90,0.707775,0.707783,0.707768
43.95,0.707776,0.707783,0.707768
44.00,0.707776,0.707784,0.707768
44.05,0.707776,0.707784,0.707768
44.10,0.707776,0.707784,0.707768
44.15,0.707776,0.707784,0.707768
44.20,0.707776,0.707784,0.707768
44.25,0.707776,0.707784,0.707768
44.30,0.707776,0.707784,0.707768
44.35,0.707776,0.707784,0.707768
44.40,0.707776,0.707784,0.707768
44.45,0.707776,0.707784,0.707768
44.50,0.707776,0.707784,0.707768
44.55,0.707776,0.707784,0.707768
44.60,0.707775,0.707784,0.707767
44.65,0.707775,0.707784,0.707767
44.70,0.707775,0.707783,0.707767
44.75,0.707775,0.707783,0.707766
44.80,0.707775,0.707783,0.707766
44.85,0.707774,0.707783,0.707766
44.90,0.707774,0.707783,0.707765
44.95,0.707773,0.707782,0.707765
45.00,0.707773,0.707782,0.707764
45.05,0.707772,0.707782,0.707763
45.10,0.707772,0.707781,0.707763
45.15,0.707771,0.707781,0.707762
45.20,0.707771,0.707781,0.707761
45.25,0.707770,0.707780,0.707760
45.30,0.707770,0.707780,0.707759
45.35,0.707769,0.707780,0.707759
45.40,0.707768,0.707779,0.707758
45.45,0.707768,0.707779,0.707757
45.50,0.707767,0.707778,0.707756
45.55,0.707767,0.707778,0.707755
45.60,0.707766,0.707778,0.707754
45.65,0.707765,0.707777,0.707754
45.70,0.707765,0.707777,0.707753
45.75,0.707764,0.707776,0.707752
45.80,0.707763,0.707776,0.707751
45.85,0.707763,0.707775,0.707750
45.90,0.707762,0.707775,0.707749
45.95,0.707762,0.707774,0.707749
46.00,0.707761,0.707774,0.707748
46.05,0.707760,0.707773,0.707747
46.10,0.707759,0.707773,0.707746
46.15,0.707759,0.707772,0.707745
46.20,0.707758,0.707772,0.707744
46.25,0.707757,0.707771,0.707743
46.30,0.707756,0.707770,0.707743
46.35,0.707756,0.707770,0.707742
46.40,0.707755,0.707769,0.707741
46.45,0.707754,0.707768,0.707740
46.50,0.707753,0.707768,0.707739
46.55,0.707753,0.707767,0.707738
46.60,0.707752,0.707766,0.707737
46.65,0.707751,0.707765,0.707737
46.70,0.707750,0.707765,0.707736
46.75,0.707749,0.707764,0.707735
46.80,0.707748,0.707763,0.707734
46.85,0.707747,0.707762,0.707733
46.90,0.707746,0.707761,0.707732
46.95,0.707745,0.707760,0.707731
47.00,0.707744,0.707759,0.707730
47.05,0.707743,0.707758,0.707729
47.10,0.707742,0.707756,0.707728
47.15,0.707741,0.707755,0.707727
47.20,0.707740,0.707754,0.707726
47.25,0.707739,0.707753,0.707725
47.30,0.707738,0.707752,0.707724
47.35,0.707737,0.707751,0.707723
47.40,0.707736,0.707749,0.707723
47.45,0.707735,0.707748,0.707722
47.50,0.707734,0.707747,0.707721
47.55,0.707733,0.707746,0.707720
47.60,0.707732,0.707744,0.707719
47.65,0.707731,0.707743,0.707718
47.70,0.707729,0.707742,0.707717
47.75,0.707728,0.707740,0.707716
47.80,0.707727,0.707739,0.707715
47.85,0.707726,0.707738,0.707714
47.90,0.707725,0.707736,0.707713
47.95,0.707724,0.707735,0.707712
48.00,0.707723,0.707734,0.707711
48.05,0.707721,0.707732,0.707710
48.10,0.707720,0.707731,0.707709
48.15,0.707719,0.707730,0.707709
48.20,0.707718,0.707728,0.707708
48.25,0.707717,0.707727,0.707707
48.30,0.707716,0.707726,0.707706
48.35,0.707715,0.707724,0.707705
48.40,0.707713,0.707723,0.707704
48.45,0.707712,0.707722,0.707703
48.50,0.707711,0.707720,0.707702
48.55,0.707710,0.707719,0.707701
48.60,0.707709,0.707718,0.707700
48.65,0.707708,0.707717,0.707699
48.70,0.707707,0.707716,0.707698
48.75,0.707706,0.707714,0.707697
48.80,0.707705,0.707713,0.707696
48.85,0.707704,0.707712,0.707695
48.90,0.707703,0.707711,0.707695
48.95,0.707702,0.707710,0.707694
49.00,0.707701,0.707709,0.707693
49.05,0.707700,0.707708,0.707692
49.10,0.707699,0.707707,0.707691
49.15,0.707698,0.707706,0.707690
49.20,0.707698,0.707705,0.707690
49.25,0.707697,0.707705,0.707689
49.30,0.707696,0.707704,0.707688
49.35,0.707695,0.707703,0.707688
49.40,0.707695,0.707702,0.707687
49.45,0.707694,0.707702,0.707686
49.50,0.707693,0.707701,0.707686
49.55,0.707693,0.707701,0.707685
49.60,0.707692,0.707700,0.707685
49.65,0.707692,0.707700,0.707684
49.70,0.707691,0.707699,0.707684
49.75,0.707691,0.707699,0.707683
49.80,0.707691,0.707698,0.707683
49.85,0.707690,0.707698,0.707683
49.90,0.707690,0.707698,0.707682
49.95,0.707690,0.707698,0.707682
50.00,0.707690,0.707698,0.707682
50.05,0.707690,0.707697,0.707682
50.10,0.707690,0.707697,0.707682
50.15,0.707690,0.707697,0.707682
50.20,0.707690,0.707698,0.707682
50.25,0.707690,0.707698,0.707682
50.30,0.707690,0.707698,0.707682
50.35,0.707690,0.707698,0.707682
50.40,0.707690,0.707698,0.707683
50.45,0.707690,0.707698,0.707683
50.50,0.707691,0.707698,0.707683
50.55,0.707691,0.707699,0.707683
50.60,0.707691,0.707699,0.707684
50.65,0.707691,0.707699,0.707684
50.70,0.707692,0.707699,0.707684
50.75,0.707692,0.707700,0.707684
50.80,0.707692,0.707700,0.707685
50.85,0.707693,0.707700,0.707685
50.90,0.707693,0.707701,0.707686
50.95,0.707694,0.707701,0.707686
51.00,0.707694,0.707702,0.707687
51.05,0.707694,0.707702,0.707687
51.10,0.707695,0.707702,0.707687
51.15,0.707695,0.707703,0.707688
51.20,0.707696,0.707703,0.707688
51.25,0.707696,0.707704,0.707689
51.30,0.707697,0.707704,0.707690
51.35,0.707697,0.707705,0.707690
51.40,0.707698,0.707705,0.707691
51.45,0.707699,0.707706,0.707691
51.50,0.707699,0.707706,0.707692
51.55,0.707700,0.707707,0.707693
51.60,0.707701,0.707708,0.707693
51.65,0.707701,0.707709,0.707694
51.70,0.707702,0.707709,0.707695
51.75,0.707703,0.707710,0.707696
51.80,0.707704,0.707711,0.707696
51.85,0.707704,0.707712,0.707697
51.90,0.707705,0.707712,0.707698
51.95,0.707706,0.707713,0.707699
52.00,0.707707,0.707714,0.707699
52.05,0.707707,0.707715,0.707700
52.10,0.707708,0.707716,0.707701
52.15,0.707709,0.707716,0.707702
52.20,0.707710,0.707717,0.707703
52.25,0.707711,0.707718,0.707704
52.30,0.707712,0.707719,0.707704
52.35,0.707713,0.707720,0.707705
52.40,0.707713,0.707721,0.707706
52.45,0.707714,0.707722,0.707707
52.50,0.707715,0.707722,0.707708
52.55,0.707716,0.707723,0.707709
52.60,0.707717,0.707724,0.707709
52.65,0.707718,0.707725,0.707710
52.70,0.707719,0.707726,0.707711
52.75,0.707720,0.707727,0.707712
52.80,0.707720,0.707728,0.707713
52.85,0.707721,0.707729,0.707714
52.90,0.707722,0.707730,0.707715
52.95,0.707723,0.707731,0.707716
53.00,0.707724,0.707732,0.707716
53.05,0.707725,0.707733,0.707717
53.10,0.707726,0.707734,0.707718
53.15,0.707727,0.707735,0.707719
53.20,0.707728,0.707736,0.707720
53.25,0.707729,0.707737,0.707721
53.30,0.707730,0.707737,0.707722
53.35,0.707730,0.707738,0.707722
53.40,0.707731,0.707739,0.707723
53.45,0.707732,0.707740,0.707724
53.50,0.707733,0.707741,0.707725
53.55,0.707734,0.707742,0.707726
53.60,0.707735,0.707743,0.707727
53.65,0.707736,0.707744,0.707727
53.70,0.707737,0.707745,0.707728
53.75,0.707738,0.707746,0.707729
53.80,0.707738,0.707747,0.707730
53.85,0.707739,0.707748,0.707731
53.90,0.707740,0.707749,0.707732
53.95,0.707741,0.707750,0.707732
54.00,0.707742,0.707750,0.707733
54.05,0.707743,0.707751,0.707734
54.10,0.707743,0.707752,0.707735
54.15,0.707744,0.707753,0.707735
54.20,0.707745,0.707754,0.707736
54.25,0.707746,0.707755,0.707737
54.30,0.707747,0.707756,0.707738
54.35,0.707747,0.707756,0.707738
54.40,0.707748,0.707757,0.707739
54.45,0.707749,0.707758,0.707740
54.50,0.707750,0.707759,0.707741
54.55,0.707750,0.707759,0.707741
54.60,0.707751,0.707760,0.707742
54.65,0.707752,0.707761,0.707743
54.70,0.707752,0.707762,0.707743
54.75,0.707753,0.707762,0.707744
54.80,0.707754,0.707763,0.707745
54.85,0.707754,0.707764,0.707745
54.90,0.707755,0.707764,0.707746
54.95,0.707756,0.707765,0.707746
55.00,0.707756,0.707766,0.707747
55.05,0.707757,0.707766,0.707748
55.10,0.707757,0.707767,0.707748
55.15,0.707758,0.707767,0.707749
55.20,0.707759,0.707768,0.707749
55.25,0.707759,0.707769,0.707750
55.30,0.707760,0.707769,0.707750
55.35,0.707760,0.707770,0.707751
55.40,0.707761,0.707770,0.707751
55.45,0.707761,0.707771,0.707752
55.50,0.707762,0.707772,0.707753
55.55,0.707763,0.707772,0.707753
55.60,0.707763,0.707773,0.707754
55.65,0.707764,0.707773,0.707754
55.70,0.707764,0.707774,0.707755
55.75,0.707765,0.707775,0.707755
55.80,0.707766,0.707775,0.707756
55.85,0.707766,0.707776,0.707757
55.90,0.707767,0.707776,0.707757
55.95,0.707767,0.707777,0.707758
56.00,0.707768,0.707778,0.707758
56.05,0.707769,0.707778,0.707759
56.10,0.707769,0.707779,0.707760
56.15,0.707770,0.707779,0.707760
56.20,0.707770,0.707780,0.707761
56.25,0.707771,0.707780,0.707761
56.30,0.707771,0.707781,0.707762
56.35,0.707772,0.707782,0.707762
56.40,0.707773,0.707782,0.707763
56.45,0.707773,0.707783,0.707763
56.50,0.707774,0.707783,0.707764
56.55,0.707774,0.707784,0.707765
56.60,0.707775,0.707784,0.707765
56.65,0.707775,0.707785,0.707766
56.70,0.707776,0.707786,0.707766
56.75,0.707776,0.707786,0.707767
56.80,0.707777,0.707787,0.707767
56.85,0.707778,0.707787,0.707768
56.90,0.707778,0.707788,0.707768
56.95,0.707779,0.707788,0.707769
57.00,0.707779,0.707789,0.707769
57.05,0.707780,0.707789,0.707770
57.10,0.707780,0.707790,0.707770
57.15,0.707781,0.707790,0.707771
57.20,0.707781,0.707791,0.707771
57.25,0.707781,0.707791,0.707772
57.30,0.707782,0.707792,0.707772
57.35,0.707782,0.707792,0.707773
57.40,0.707783,0.707792,0.707773
57.45,0.707783,0.707793,0.707774
57.50,0.707784,0.707793,0.707774
57.55,0.707784,0.707794,0.707774
57.60,0.707784,0.707794,0.707775
57.65,0.707785,0.707794,0.707775
57.70,0.707785,0.707795,0.707776
57.75,0.707786,0.707795,0.707776
57.80,0.707786,0.707796,0.707777
57.85,0.707786,0.707796,0.707777
57.90,0.707787,0.707796,0.707777
57.95,0.707787,0.707797,0.707778
58.00,0.707788,0.707797,0.707778
58.05,0.707788,0.707798,0.707779
58.10,0.707788,0.707798,0.707779
58.15,0.707789,0.707798,0.707779
58.20,0.707789,0.707799,0.707780
58.25,0.707790,0.707799,0.707780
58.30,0.707790,0.707799,0.707781
58.35,0.707790,0.707800,0.707781
58.40,0.707791,0.707800,0.707781
58.45,0.707791,0.707800,0.707782
58.50,0.707792,0.707801,0.707782
58.55,0.707792,0.707801,0.707783
58.60,0.707792,0.707802,0.707783
58.65,0.707793,0.707802,0.707783
58.70,0.707793,0.707802,0.707784
58.75,0.707793,0.707803,0.707784
58.80,0.707794,0.707803,0.707785
58.85,0.707794,0.707803,0.707785
58.90,0.707794,0.707804,0.707785
58.95,0.707795,0.707804,0.707786
59.00,0.707795,0.707804,0.707786
59.05,0.707796,0.707805,0.707786
59.10,0.707796,0.707805,0.707787
59.15,0.707796,0.707805,0.707787
59.20,0.707797,0.707806,0.707788
59.25,0.707797,0.707806,0.707788
59.30,0.707797,0.707806,0.707788
59.35,0.707798,0.707807,0.707789
59.40,0.707798,0.707807,0.707789
59.45,0.707798,0.707807,0.707789
59.50,0.707799,0.707808,0.707790
59.55,0.707799,0.707808,0.707790
59.60,0.707799,0.707808,0.707790
59.65,0.707800,0.707809,0.707791
59.70,0.707800,0.707809,0.707791
59.75,0.707800,0.707809,0.707791
59.80,0.707801,0.707810,0.707792
59.85,0.707801,0.707810,0.707792
59.90,0.707801,0.707810,0.707792
59.95,0.707801,0.707811,0.707792
60.00,0.707802,0.707811,0.707793
60.05,0.707802,0.707811,0.707793
60.10,0.707802,0.707811,0.707793
60.15,0.707803,0.707812,0.707794
60.20,0.707803,0.707812,0.707794
60.25,0.707803,0.707812,0.707794
60.30,0.707804,0.707813,0.707794
60.35,0.707804,0.707813,0.707795
60.40,0.707804,0.707813,0.707795
60.45,0.707804,0.707814,0.707795
60.50,0.707805,0.707814,0.707795
60.55,0.707805,0.707814,0.707796
60.60,0.707805,0.707815,0.707796
60.65,0.707806,0.707815,0.707796
60.70,0.707806,0.707815,0.707797
60.75,0.707806,0.707815,0.707797
60.80,0.707806,0.707816,0.707797
60.85,0.707807,0.707816,0.707797
60.90,0.707807,0.707816,0.707798
60.95,0.707807,0.707816,0.707798
61.00,0.707807,0.707816,0.707798
61.05,0.707808,0.707817,0.707799
61.10,0.707808,0.707817,0.707799
61.15,0.707808,0.707817,0.707799
61.20,0.707808,0.707817,0.707799
61.25,0.707809,0.707818,0.707800
61.30,0.707809,0.707818,0.707800
61.35,0.707809,0.707818,0.707800
61.40,0.707809,0.707818,0.707800
61.45,0.707810,0.707818,0.707801
61.50,0.707810,0.707819,0.707801
61.55,0.707810,0.707819,0.707801
61.60,0.707810,0.707819,0.707801
61.65,0.707810,0.707819,0.707802
61.70,0.707811,0.707819,0.707802
61.75,0.707811,0.707820,0.707802
61.80,0.707811,0.707820,0.707802
61.85,0.707811,0.707820,0.707803
61.90,0.707812,0.707820,0.707803
61.95,0.707812,0.707820,0.707803
62.00,0.707812,0.707820,0.707803
62.05,0.707812,0.707821,0.707804
62.10,0.707812,0.707821,0.707804
62.15,0.707813,0.707821,0.707804
62.20,0.707813,0.707821,0.707804
62.25,0.707813,0.707821,0.707805
62.30,0.707813,0.707821,0.707805
62.35,0.707813,0.707822,0.707805
62.40,0.707814,0.707822,0.707805
62.45,0.707814,0.707822,0.707806
62.50,0.707814,0.707822,0.707806
62.55,0.707814,0.707822,0.707806
62.60,0.707814,0.707822,0.707806
62.65,0.707815,0.707823,0.707807
62.70,0.707815,0.707823,0.707807
62.75,0.707815,0.707823,0.707807
62.80,0.707815,0.707823,0.707807
62.85,0.707815,0.707823,0.707808
62.90,0.707816,0.707823,0.707808
62.95,0.707816,0.707823,0.707808
63.00,0.707816,0.707824,0.707809
63.05,0.707816,0.707824,0.707809
63.10,0.707817,0.707824,0.707809
63.15,0.707817,0.707824,0.707809
63.20,0.707817,0.707824,0.707810
63.25,0.707817,0.707824,0.707810
63.30,0.707818,0.707825,0.707810
63.35,0.707818,0.707825,0.707811
63.40,0.707818,0.707825,0.707811
63.45,0.707818,0.707825,0.707811
63.50,0.707819,0.707825,0.707812
63.55,0.707819,0.707826,0.707812
63.60,0.707819,0.707826,0.707813
63.65,0.707820,0.707826,0.707813
63.70,0.707820,0.707826,0.707813
63.75,0.707820,0.707827,0.707814
63.80,0.707821,0.707827,0.707814
63.85,0.707821,0.707827,0.707815
63.90,0.707821,0.707828,0.707815
63.95,0.707822,0.707828,0.707816
64.00,0.707822,0.707828,0.707816
64.05,0.707823,0.707829,0.707817
64.10,0.707823,0.707829,0.707817
64.15,0.707823,0.707829,0.707818
64.20,0.707824,0.707829,0.707818
64.25,0.707824,0.707829,0.707818
64.30,0.707824,0.707830,0.707819
64.35,0.707825,0.707830,0.707819
64.40,0.707825,0.707830,0.707820
64.45,0.707825,0.707830,0.707820
64.50,0.707825,0.707830,0.707820
64.55,0.707826,0.707830,0.707821
64.60,0.707826,0.707831,0.707821
64.65,0.707826,0.707831,0.707822
64.70,0.707826,0.707831,0.707822
64.75,0.707827,0.707831,0.707822
64.80,0.707827,0.707831,0.707823
64.85,0.707827,0.707831,0.707823
64.90,0.707827,0.707831,0.707823
64.95,0.707828,0.707832,0.707824
65.00,0.707828,0.707832,0.707824
65.05,0.707828,0.707832,0.707824
65.10,0.707828,0.707832,0.707825
65.15,0.707828,0.707832,0.707825
65.20,0.707829,0.707832,0.707825
65.25,0.707829,0.707832,0.707826
65.30,0.707829,0.707832,0.707826
65.35,0.707829,0.707832,0.707826
65.40,0.707829,0.707832,0.707826
65.45,0.707829,0.707832,0.707827
65.50,0.707830,0.707832,0.707827
65.55,0.707830,0.707832,0.707827
65.60,0.707830,0.707832,0.707827
65.65,0.707830,0.707832,0.707828
65.70,0.707830,0.707832,0.707828
65.75,0.707830,0.707832,0.707828
65.80,0.707830,0.707832,0.707828
65.85,0.707830,0.707832,0.707828
65.90,0.707830,0.707832,0.707828
65.95,0.707831,0.707833,0.707829
66.00,0.707831,0.707833,0.707829
66.05,0.707831,0.707833,0.707829
66.10,0.707831,0.707833,0.707829
66.15,0.707831,0.707833,0.707829
66.20,0.707831,0.707834,0.707829
66.25,0.707831,0.707834,0.707829
66.30,0.707831,0.707834,0.707828
66.35,0.707831,0.707834,0.707828
66.40,0.707831,0.707834,0.707828
66.45,0.707831,0.707834,0.707828
66.50,0.707831,0.707834,0.707828
66.55,0.707831,0.707835,0.707827
66.60,0.707831,0.707835,0.707827
66.65,0.707831,0.707834,0.707827
66.70,0.707830,0.707834,0.707826
66.75,0.707830,0.707834,0.707826
66.80,0.707830,0.707834,0.707825
66.85,0.707829,0.707834,0.707825
66.90,0.707829,0.707833,0.707824
66.95,0.707828,0.707833,0.707824
67.00,0.707828,0.707832,0.707823
67.05,0.707827,0.707832,0.707823
67.10,0.707827,0.707831,0.707822
67.15,0.707826,0.707831,0.707821
67.20,0.707826,0.707830,0.707821
67.25,0.707825,0.707830,0.707820
67.30,0.707824,0.707829,0.707819
67.35,0.707824,0.707829,0.707819
67.40,0.707823,0.707828,0.707818
67.45,0.707822,0.707827,0.707818
67.50,0.707822,0.707827,0.707817
67.55,0.707821,0.707826,0.707816
67.60,0.707820,0.707825,0.707816
67.65,0.707820,0.707825,0.707815
67.70,0.707819,0.707824,0.707814
67.75,0.707818,0.707823,0.707813
67.80,0.707818,0.707822,0.707813
67.85,0.707817,0.707822,0.707812
67.90,0.707816,0.707821,0.707811
67.95,0.707815,0.707820,0.707810
68.00,0.707815,0.707819,0.707810
68.05,0.707814,0.707818,0.707809
68.10,0.707813,0.707818,0.707808
68.15,0.707812,0.707817,0.707807
68.20,0.707811,0.707816,0.707807
68.25,0.707810,0.707815,0.707806
68.30,0.707810,0.707814,0.707805
68.35,0.707809,0.707813,0.707804
68.40,0.707808,0.707813,0.707803
68.45,0.707807,0.707812,0.707803
68.50,0.707806,0.707811,0.707802
68.55,0.707805,0.707810,0.707801
68.60,0.707805,0.707809,0.707800
68.65,0.707804,0.707808,0.707799
68.70,0.707803,0.707808,0.707798
68.75,0.707802,0.707807,0.707797
68.80,0.707801,0.707806,0.707797
68.85,0.707800,0.707805,0.707796
68.90,0.707799,0.707804,0.707795
68.95,0.707798,0.707803,0.707794
69.00,0.707798,0.707802,0.707793
69.05,0.707797,0.707801,0.707792
69.10,0.707796,0.707800,0.707791
69.15,0.707795,0.707799,0.707790
69.20,0.707794,0.707799,0.707790
69.25,0.707793,0.707798,0.707789
69.30,0.707792,0.707797,0.707788
69.35,0.707791,0.707796,0.707787
69.40,0.707790,0.707795,0.707786
69.45,0.707790,0.707794,0.707785
69.50,0.707789,0.707793,0.707785
69.55,0.707788,0.707792,0.707784
69.60,0.707787,0.707791,0.707783
69.65,0.707786,0.707790,0.707782
69.70,0.707785,0.707789,0.707781
69.75,0.707784,0.707788,0.707780
69.80,0.707784,0.707787,0.707780
69.85,0.707783,0.707787,0.707779
69.90,0.707782,0.707786,0.707778
69.95,0.707781,0.707785,0.707777
70.00,0.707780,0.707784,0.707776
